"SNP","P-value","Predictor"
21973,0.001,"TwaQ"
60128,0.001,"TwaQ"
63048,0.001,"TwaQ"
25399,0.001,"wc2.1_30s_bio_19"
88497,0.001,"ISO"
1516,0.002,"TwaQ"
7805,0.002,"TwaQ"
641044,0.002,"wc2.1_30s_bio_11"
2893,0.002,"wc2.1_30s_bio_15"
34420,0.002,"wc2.1_30s_bio_15"
36779,0.003,"TwaQ"
37540,0.003,"wc2.1_30s_bio_19"
16043,0.003,"ISO"
5399,0.003,"wc2.1_30s_bio_6"
40632,0.004,"wc2.1_30s_bio_14"
11157,0.004,"wc2.1_30s_bio_15"
166522,0.004,"wc2.1_30s_bio_15"
11211,0.005,"PWQ"
176898,0.005,"wc2.1_30s_bio_15"
5086,0.005,"wc2.1_30s_bio_16"
11373,0.006,"TwaQ"
4967,0.008,"wc2.1_30s_bio_12"
39411,0.008,"wc2.1_30s_bio_12"
8212,0.008,"wc2.1_30s_bio_15"
28798,0.008,"ISO"
10417,0.009,"wc2.1_30s_bio_14"
19158,0.009,"wc2.1_30s_bio_15"
20865,0.009,"wc2.1_30s_bio_16"
39416,0.009,"wc2.1_30s_bio_9"
14725,0.01,"TwaQ"
39203,0.011,"TweQ"
53691,0.014,"TwaQ"
32513,0.014,"wc2.1_30s_bio_12"
20859,0.014,"ISO"
3982,0.015,"ISO"
86592,0.015,"ISO"
32403,0.016,"wc2.1_30s_bio_5"
10208,0.017,"TwaQ"
7007,0.017,"ISO"
29006,0.017,"ISO"
23789,0.018,"ISO"
39940,0.019,"TwaQ"
28097,0.019,"ISO"
29566,0.02,"ISO"
32620,0.02,"ISO"
120953,0.022,"wc2.1_30s_bio_12"
106514,0.022,"ISO"
20141,0.023,"ISO"
5639,0.024,"ISO"
33942,0.024,"wc2.1_30s_bio_5"
33731,0.025,"ISO"
12136,0.026,"wc2.1_30s_bio_12"
34618,0.026,"wc2.1_30s_bio_12"
31041,0.027,"wc2.1_30s_bio_15"
15754,0.028,"wc2.1_30s_bio_14"
21161,0.029,"wc2.1_30s_bio_11"
13751,0.029,"wc2.1_30s_bio_15"
184709,0.031,"PWQ"
29448,0.034,"TwaQ"
15981,0.035,"wc2.1_30s_bio_16"
7273,0.035,"wc2.1_30s_bio_9"
120317,0.036,"wc2.1_30s_bio_4"
43365,0.039,"PWQ"
2874,0.042,"TwaQ"
6082,0.042,"TwaQ"
7536,0.042,"TwaQ"
27714,0.042,"TwaQ"
28474,0.042,"TwaQ"
35563,0.042,"TwaQ"
36462,0.042,"TwaQ"
39949,0.042,"TwaQ"
49917,0.042,"TwaQ"
17898,0.044,"wc2.1_30s_bio_12"
33618,0.045,"wc2.1_30s_bio_16"
33713,0.045,"wc2.1_30s_bio_5"
2700,0.048,"wc2.1_30s_bio_9"
10012,0.049,"wc2.1_30s_bio_15"
