"axis","snp","loading","wc2.1_30s_bio_10","wc2.1_30s_bio_13","wc2.1_30s_bio_3","wc2.1_30s_bio_8"
1,"V287",0.330058014752792,0.195917196509129,0.559836901637483,-0.40228024280196,-0.403763010447515
1,"V689",0.284899440758297,0.256599452841947,0.439792403642928,-0.356940220094241,-0.2772046691473
1,"V712",0.316243895108383,0.21291018172268,0.51723039591519,-0.397708235630537,-0.380128297895733
1,"V1535",0.277675266454056,0.169891810076445,0.490018164016737,-0.346104472253757,-0.331246660537685
1,"V1992",0.277691774196855,0.227183077475446,0.406532820855426,-0.364940654797307,-0.328299296582974
1,"V2102",0.294083625856017,0.194218869626031,0.424901829567062,-0.354604937010079,-0.372738284573209
1,"V2432",0.318063804074754,0.187354406658861,0.534073124366792,-0.385477613514194,-0.39149263461345
1,"V163",-0.22655388726087,0.181753191160131,-0.504388068266938,0.0248998490079672,0.0752679363710518
1,"V363",-0.299884169704336,0.237276554561958,-0.691108766258078,-0.0643443085118021,0.028994846688049
1,"V664",-0.240128777255168,0.302938016764373,-0.452501584215827,-0.0883679432467796,0.0525617649170239
1,"V799",-0.320236310452369,0.269437080912414,-0.658077806682649,-0.155032659978229,-0.0735396431646836
1,"V922",-0.30536329216212,0.229880228802182,-0.682768703554005,0.0526553085300566,0.102856093663343
1,"V1202",-0.242006396197646,0.423640690332357,-0.584764328711954,0.00367407449297384,0.339263211713479
1,"V1256",-0.238186632651619,0.162677292667886,-0.492116635642243,0.0141375143060459,0.0144667404757446
1,"V1264",-0.242817817004497,0.208563537402582,-0.454559449551424,-0.0272298052683198,-0.00294003284758339
1,"V1530",-0.246611673065524,0.179941003840579,-0.614982127666546,-0.219750001181485,-0.103636036851502
1,"V2031",-0.317047705603548,0.254351990778642,-0.705858909380357,0.0348457494739896,0.105332673036317
1,"V2172",-0.219070418657444,0.209937081191506,-0.439538602280645,-0.0233734957062968,0.0402810341825428
1,"V2190",-0.218925684366036,0.200344687182263,-0.482726572161065,0.00551662303291369,0.0811543340410867
1,"V2210",-0.239867123029203,0.117298694206959,-0.571290892022918,-0.0816402884079891,-0.0694697094599628
1,"V2254",-0.240247958083536,0.192739279733073,-0.534875852045292,0.0264049227010801,0.0798175137974336
1,"V2263",-0.252475909070144,0.202203124585329,-0.577804492162888,-0.0329300091789133,0.042363278955186
1,"V2289",-0.226168064158124,0.213656277100425,-0.518695541087525,0.0222307721925656,0.117375250608507
1,"V2348",-0.233770269068151,0.353000607032141,-0.561666459080856,-0.0179348707547759,0.24657796000435
1,"V2355",-0.222531703834887,0.218575814192393,-0.503116631863477,0.0259011640368632,0.12346097652623
1,"V2582",-0.280829680888063,0.277260827595466,-0.532387049568787,-0.0307987965579222,0.0405192769540977
1,"V2628",-0.282005966193567,0.325627466097111,-0.340054864006853,-0.184115988852345,-0.157110371267685
