"","axis","snp","loading","TWaQ","PWQ","ISO","TWeQ","predictor","correlation"
"1",1,"V42",0.335071662440658,-0.785527368379369,0.0210785640817654,0.709885453395743,-0.194802556940109,"TWaQ",0.785527368379369
"2",1,"V54",0.349852329045163,-0.818901345041092,-0.0553392713979122,0.801308266474691,-0.136629154538154,"TWaQ",0.818901345041092
"3",1,"V83",0.348044143189679,-0.82834383389926,0.084243196744531,0.764658697856454,-0.260742203001053,"TWaQ",0.82834383389926
"4",1,"V119",0.334452549349038,-0.727368752968972,0.0977367993583665,0.24554600576824,-0.500258262627676,"TWaQ",0.727368752968972
"5",1,"V126",0.372507962421398,-0.877403267935652,-0.00948693903812305,0.84769771361167,-0.161048480808164,"TWaQ",0.877403267935652
"6",1,"V251",0.35402540245954,-0.835288369615196,0.0098603879251517,0.799484752211798,-0.152501730162155,"TWaQ",0.835288369615196
"7",1,"V293",0.350987665109215,-0.818326209052345,-0.116991218271205,0.833049007706506,-0.141538535958637,"ISO",0.833049007706506
"8",1,"V333",0.325265752496156,-0.775584074989103,0.0318997486289367,0.771186206571517,-0.123166891343971,"TWaQ",0.775584074989103
"9",1,"V398",0.330393347636109,-0.758335325226422,-0.148146458955905,0.730372815575687,-0.213492729633029,"TWaQ",0.758335325226422
"10",1,"V483",0.336437883046418,-0.777601542939275,0.0778767535375918,0.589971640700494,-0.21546955074428,"TWaQ",0.777601542939275
"11",1,"V506",0.390771631459043,-0.902281867865322,-0.0253661339102418,0.77771338712197,-0.215453919855651,"TWaQ",0.902281867865322
"12",1,"V544",0.336711787509377,-0.78966140238574,-0.037369263998362,0.768170660540383,-0.131400566678611,"TWaQ",0.78966140238574
"13",1,"V585",0.336883711287701,-0.729225708473147,-0.100718155062463,0.397413388680042,-0.388594165664631,"TWaQ",0.729225708473147
"14",1,"V617",0.385935450169044,-0.909831523126059,-0.000839225524244842,0.87509410656898,-0.182744730300995,"TWaQ",0.909831523126059
"15",1,"V634",0.360176027334227,-0.847844857291795,-0.0285322439570718,0.831096177480218,-0.173746424949328,"TWaQ",0.847844857291795
"16",1,"V782",0.343669722044822,-0.807475095231177,-0.0251232100439842,0.782961546816295,-0.138237605750741,"TWaQ",0.807475095231177
"17",1,"V814",0.339077175101951,-0.805036838941691,0.00263591190345741,0.80394684977886,-0.16083223134779,"TWaQ",0.805036838941691
"18",1,"V888",0.335047837236199,-0.791539891426426,0.0123976464260749,0.760508278910928,-0.15100169137329,"TWaQ",0.791539891426426
"19",1,"V899",0.367461588662106,-0.837371180242282,0.041375833315185,0.598318161716425,-0.273762062921363,"TWaQ",0.837371180242282
"20",1,"V942",0.347145653971995,-0.817909485455727,-0.0140281478199335,0.795740426645353,-0.152854306002254,"TWaQ",0.817909485455727
"21",1,"V966",0.34783575579297,-0.818870474225812,-0.030053698077314,0.806118880552238,-0.153800471112811,"TWaQ",0.818870474225812
"22",1,"V1124",0.380474881441749,-0.895082865868692,-0.0307368300576439,0.875890184971448,-0.166867723102298,"TWaQ",0.895082865868692
"23",1,"V1145",0.335087079329635,-0.786117035960673,-0.0965662563834308,0.815934771030588,-0.124936804954758,"ISO",0.815934771030588
"24",1,"V1179",0.332928627373448,-0.785644066455379,0.0113602758759892,0.750687651361209,-0.147955259865386,"TWaQ",0.785644066455379
"25",1,"V1261",0.332789045704404,-0.798742644134964,0.12992358460974,0.736573982815756,-0.225138242851367,"TWaQ",0.798742644134964
"26",1,"V1336",0.339953320451007,-0.784394548897905,0.00568550280911727,0.647923760094535,-0.21666857488433,"TWaQ",0.784394548897905
"27",1,"V1359",0.351544131013895,-0.833502448454575,0.0281547058103328,0.800511967234554,-0.231837361590986,"TWaQ",0.833502448454575
"28",1,"V1364",0.388702689123226,-0.913645178351808,0.0263181071610912,0.840322188294858,-0.189684833293322,"TWaQ",0.913645178351808
"29",1,"V1375",0.328013278423376,-0.77212083086293,0.000721880319146326,0.736258401701745,-0.13335038584295,"TWaQ",0.77212083086293
"30",1,"V1393",0.326681143806154,-0.76121945215035,-0.11424651659092,0.776728990758383,-0.134189985103711,"ISO",0.776728990758383
"31",1,"V1461",0.330352277301255,-0.780981572548302,-0.00636840762786555,0.769844257155376,-0.134074885997867,"TWaQ",0.780981572548302
"32",1,"V1513",0.355132964688704,-0.829867761371671,-0.107984527526442,0.846851906124171,-0.142548630846773,"ISO",0.846851906124171
"33",1,"V1764",0.325935366843118,-0.766633939091823,-0.00246375336953667,0.730601646050424,-0.127248887577263,"TWaQ",0.766633939091823
"34",1,"V1777",0.367166485815868,-0.797199332471203,-0.126417559954062,0.468765925197057,-0.338749296041375,"TWaQ",0.797199332471203
"35",1,"V1833",0.34044603591804,-0.805864487434987,0.0242509984232599,0.773557527308015,-0.153930597238928,"TWaQ",0.805864487434987
"36",1,"V1848",0.340440114802729,-0.809583787495042,0.0350866883111806,0.790251612387042,-0.142630067695588,"TWaQ",0.809583787495042
"37",1,"V1891",0.354865391926867,-0.832094398418041,-0.0600639981438449,0.824863723718667,-0.152873563754074,"TWaQ",0.832094398418041
"38",1,"V1961",0.330543308144499,-0.716362055863415,-0.255352396076423,0.531122058655505,-0.298903639852078,"TWaQ",0.716362055863415
"39",1,"V2018",0.350365369408431,-0.770737508650684,-0.11467439817814,0.51449026527089,-0.245328496568611,"TWaQ",0.770737508650684
"40",1,"V2100",0.359665968687091,-0.851425193661677,0.0248204380634373,0.81800601135799,-0.167530301383424,"TWaQ",0.851425193661677
"41",1,"V2132",0.347273511456031,-0.810101437639723,-0.0975614923172087,0.812491887306325,-0.133114529604222,"ISO",0.812491887306325
"42",1,"V2150",0.356094257117655,-0.772889657922381,-0.182416438642704,0.500936684101826,-0.35210792110539,"TWaQ",0.772889657922381
"43",1,"V2183",0.368855824450088,-0.861770959703804,-0.0336573442440185,0.810323648167432,-0.192922409948065,"TWaQ",0.861770959703804
"44",1,"V2221",0.359860918240742,-0.846472002339712,-0.00473780985607045,0.80844405264027,-0.142871674887097,"TWaQ",0.846472002339712
"45",1,"V2291",0.353176195975388,-0.82542791864995,-0.0879556556088574,0.826850667703925,-0.143036448067258,"ISO",0.826850667703925
"46",1,"V2347",0.362797794160014,-0.85266679835908,0.0359606537848805,0.776226390983491,-0.147332017328396,"TWaQ",0.85266679835908
"47",1,"V2403",0.339310653598295,-0.793049211813295,-0.0844213942788746,0.794371501317474,-0.13941663719628,"ISO",0.794371501317474
"48",1,"V2424",0.323229880114724,-0.743837974273147,-0.302430012462889,0.866243262041758,-0.0891327234566115,"ISO",0.866243262041758
"49",1,"V2517",0.337479592470847,-0.798345534771292,-0.0309658720482255,0.810066265686385,-0.139050785084293,"ISO",0.810066265686385
"50",1,"V2531",0.376035692316753,-0.883421812131482,-0.0373689424139048,0.861864906923468,-0.187147790042937,"TWaQ",0.883421812131482
"51",1,"V146",0.380258741752804,0.142341842395064,0.33780803154512,-0.733728885696087,-0.599963276963709,"ISO",0.733728885696087
"52",1,"V218",0.3304459427456,0.0703114869772889,0.0390822638635056,-0.593951773860001,-0.283583980187784,"ISO",0.593951773860001
"53",1,"V284",0.34323887446969,0.0298707962373392,-0.141544165298745,-0.560051080059215,-0.424722719308522,"ISO",0.560051080059215
"54",1,"V406",0.347615232453995,0.0456920307397778,-0.022138545775301,-0.592194357211045,-0.412488735690284,"ISO",0.592194357211045
"55",1,"V445",0.342195938618445,-0.0566951913589944,-0.00504937009402733,-0.527968546918744,-0.388700918815572,"ISO",0.527968546918744
"56",1,"V490",0.346966049255843,0.0970899178862799,0.396693860985687,-0.661390298221,-0.548503201415511,"ISO",0.661390298221
"57",1,"V547",0.331776966098107,0.248016541747098,0.120116989219234,-0.703847475121473,-0.340087940375013,"ISO",0.703847475121473
"58",1,"V569",0.392925341492417,0.14971863558287,0.397515516470642,-0.764290032572532,-0.637190365625591,"ISO",0.764290032572532
"59",1,"V655",0.328219634252898,0.240467679905471,0.232271067656189,-0.704069979012899,-0.379601453791125,"ISO",0.704069979012899
"60",1,"V768",0.375347215953175,0.142021764846693,-0.00962017734996993,-0.687589340262232,-0.534824061647752,"ISO",0.687589340262232
"61",1,"V971",0.347493748757435,0.128317877073425,0.289433572756318,-0.671834876942343,-0.486488957836747,"ISO",0.671834876942343
"62",1,"V1168",0.340044868737815,0.133660296104743,0.110811504115041,-0.636990422498377,-0.529203181978518,"ISO",0.636990422498377
"63",1,"V1397",0.330966522769514,0.058017463600639,0.0997711559756944,-0.585030237511171,-0.417606136276711,"ISO",0.585030237511171
"64",1,"V1425",0.349231907375328,-0.0423434629921472,-0.0134254058163823,-0.547157979652859,-0.390927786312149,"ISO",0.547157979652859
"65",1,"V1429",0.328690890933189,0.0316494116200129,-0.00299818913214231,-0.563239930952634,-0.288251452490141,"ISO",0.563239930952634
"66",1,"V1430",0.392925341492417,0.14971863558287,0.397515516470642,-0.764290032572532,-0.637190365625591,"ISO",0.764290032572532
"67",1,"V1439",0.331690568413566,-0.0537085368930537,-0.0191078452454358,-0.505839007938509,-0.441320040050865,"ISO",0.505839007938509
"68",1,"V1503",0.364826672609852,-0.00340196449631606,0.152148932139913,-0.612571201612256,-0.444561538981341,"ISO",0.612571201612256
"69",1,"V1622",0.352780734772602,0.148821124555638,0.273611920737096,-0.689757723764053,-0.500166379549865,"ISO",0.689757723764053
"70",1,"V1698",0.36109747163655,-0.0596940851240186,-0.00532945442077143,-0.5572219105314,-0.40998066766117,"ISO",0.5572219105314
"71",1,"V1717",0.348402679002724,0.00701660552377352,-0.0783938503895251,-0.564109879367588,-0.417452519521986,"ISO",0.564109879367588
"72",1,"V1745",0.328464650511956,0.0863633738385072,0.184011185459152,-0.606139082260505,-0.432467827947588,"ISO",0.606139082260505
"73",1,"V1823",0.333750051555329,-0.0176316272525122,0.00289059190240102,-0.536648105422088,-0.390447902403338,"ISO",0.536648105422088
"74",1,"V1838",0.367718539868183,-0.0500790147850481,0.0181907563959417,-0.574826484484376,-0.439143964641559,"ISO",0.574826484484376
"75",1,"V1904",0.329433632772359,-0.0550213639586611,-0.00485714342433431,-0.507977345225317,-0.374836767849266,"ISO",0.507977345225317
"76",1,"V1907",0.339516551992416,0.0947122828256642,0.247005573029257,-0.630136534185402,-0.532078983020169,"ISO",0.630136534185402
"77",1,"V1925",0.332345514224211,0.142004260610154,0.110877937839988,-0.644223107645167,-0.322071891689529,"ISO",0.644223107645167
"78",1,"V1970",0.342064745675813,0.129295814877733,0.193180644852488,-0.657971123367563,-0.398251601270073,"ISO",0.657971123367563
"79",1,"V2245",0.32964577018956,0.218076387632939,0.152490652859948,-0.688870885365336,-0.31462831628012,"ISO",0.688870885365336
"80",1,"V2338",0.327422368467091,0.370980147273065,0.221396447344863,-0.776483953950782,-0.376823136436511,"ISO",0.776483953950782
"81",1,"V2427",0.376378813582047,0.161736168314354,0.0449667350807994,-0.708964446554982,-0.513562842568595,"ISO",0.708964446554982
"82",1,"V2453",0.327681069335476,-0.0535351520073912,-0.00484189110008458,-0.506088728199343,-0.371129289214768,"ISO",0.506088728199343
"83",1,"V2483",0.336663313506616,0.391380877589152,0.143503558963059,-0.79914075180323,-0.317426077095092,"ISO",0.79914075180323
"84",1,"V2661",0.388009861092114,0.0614233479946845,0.312640808804118,-0.699292709591224,-0.577554475956223,"ISO",0.699292709591224
"85",1,"V18",0.244169404242891,0.154126457813811,0.448669425563304,-0.311506209155805,-0.283395519821026,"PWQ",0.448669425563304
"86",1,"V30",0.273325498966784,0.185881448341484,0.467519313740949,-0.32729007285803,-0.297405428145431,"PWQ",0.467519313740949
"87",1,"V156",0.262552708615087,0.327498957938589,0.404689055115027,-0.398346032834555,-0.220007843304027,"PWQ",0.404689055115027
"88",1,"V200",0.230511246796612,0.0800666723099565,0.33718070816285,-0.246326267465864,-0.343260038809354,"TWeQ",0.343260038809354
"89",1,"V287",0.330058014752792,0.195917196509129,0.559836901637483,-0.40228024280196,-0.403763010447515,"PWQ",0.559836901637483
"90",1,"V487",0.231533484889597,0.359601349564106,0.454725761110021,-0.181895892735477,0.126510165701056,"PWQ",0.454725761110021
"91",1,"V689",0.284899440758297,0.256599452841947,0.439792403642928,-0.356940220094241,-0.2772046691473,"PWQ",0.439792403642928
"92",1,"V712",0.316243895108383,0.21291018172268,0.51723039591519,-0.397708235630537,-0.380128297895733,"PWQ",0.51723039591519
"93",1,"V781",0.235978593406523,0.178729283815468,0.398003899817831,-0.449112085474197,-0.41578775117872,"ISO",0.449112085474197
"94",1,"V804",0.262797713957226,0.204442771791354,0.507857417836289,-0.141687259166315,-0.037823154408541,"PWQ",0.507857417836289
"95",1,"V878",0.230822107007349,0.339900298156211,0.0526842921758298,-0.167961070192449,-0.103275322031545,"TWaQ",0.339900298156211
"96",1,"V883",0.24124287234995,0.166370976613951,0.308017592204254,-0.286328270566317,-0.314761114179651,"TWeQ",0.314761114179651
"97",1,"V891",0.242711099335089,0.14584989556113,0.418366840453541,-0.298514531481068,-0.293947157528388,"PWQ",0.418366840453541
"98",1,"V954",0.274757479637528,0.158502256587513,0.448803511668264,-0.327934285474778,-0.343752504309268,"PWQ",0.448803511668264
"99",1,"V1030",0.231774220042825,0.0144075612171888,0.401653835107734,-0.130980305353279,-0.265708531256541,"PWQ",0.401653835107734
"100",1,"V1235",0.251315117868897,0.228939333164105,0.342375461176029,-0.424400760856276,-0.383604242325602,"ISO",0.424400760856276
"101",1,"V1277",0.251265011826414,-0.164756541669529,0.511888952850306,0.0433001718298211,-0.265714119526963,"PWQ",0.511888952850306
"102",1,"V1308",0.239066427748885,-0.136106909122672,0.503776393725413,0.0267150194482821,-0.234103018832394,"PWQ",0.503776393725413
"103",1,"V1409",0.232924123350762,0.120546560368403,0.457515577046635,-0.165817430842278,-0.145697911023082,"PWQ",0.457515577046635
"104",1,"V1515",0.249655890548923,0.258275385573487,0.45615629905525,-0.506099854566671,-0.370024875607788,"ISO",0.506099854566671
"105",1,"V1535",0.277675266454056,0.169891810076445,0.490018164016737,-0.346104472253757,-0.331246660537685,"PWQ",0.490018164016737
"106",1,"V1621",0.243402245661778,0.1555911186221,0.454578169580753,-0.313476590052822,-0.279261126986298,"PWQ",0.454578169580753
"107",1,"V1637",0.245068516490485,0.136641944384309,0.382533714184213,-0.285336797983382,-0.314486952902841,"PWQ",0.382533714184213
"108",1,"V1755",0.251624961233172,0.255567323163881,0.489012332437845,-0.486914521360845,-0.337754666836483,"PWQ",0.489012332437845
"109",1,"V1761",0.240357820437057,0.299921763399733,0.285669227011847,-0.256261207845624,-0.132274717819807,"TWaQ",0.299921763399733
"110",1,"V1762",0.246305344088039,0.155509986092728,0.46318493339247,-0.384811279000712,-0.355397373022413,"PWQ",0.46318493339247
"111",1,"V1773",0.254523285358343,0.142610479750349,0.486792038205289,-0.27974775814358,-0.258624114104357,"PWQ",0.486792038205289
"112",1,"V1789",0.264924875823441,0.124670933529979,0.327001332195674,-0.273588178718925,-0.378321961996413,"TWeQ",0.378321961996413
"113",1,"V1801",0.267082378917422,0.269081285302641,0.480151212629351,-0.352492611812776,-0.207036914044046,"PWQ",0.480151212629351
"114",1,"V1958",0.235068075585702,0.25506910491423,0.426248944327725,-0.370905360186298,-0.222989735443813,"PWQ",0.426248944327725
"115",1,"V1992",0.277691774196855,0.227183077475446,0.406532820855426,-0.364940654797307,-0.328299296582974,"PWQ",0.406532820855426
"116",1,"V2102",0.294083625856017,0.194218869626031,0.424901829567062,-0.354604937010079,-0.372738284573209,"PWQ",0.424901829567062
"117",1,"V2121",0.243872309501027,0.205622217235898,0.405862795568788,-0.267643746059589,-0.197500263079497,"PWQ",0.405862795568788
"118",1,"V2242",0.25081341139776,-0.0903834413661852,0.411150060664039,-0.0853564979729577,-0.368265565433961,"PWQ",0.411150060664039
"119",1,"V2298",0.233573599236529,0.161305085269388,0.389003731339126,-0.243672190314604,-0.218508027282315,"PWQ",0.389003731339126
"120",1,"V2359",0.265662157083928,0.0144179307657719,0.406518483288808,-0.173606252878789,-0.361913850188536,"PWQ",0.406518483288808
"121",1,"V2432",0.318063804074754,0.187354406658861,0.534073124366792,-0.385477613514194,-0.39149263461345,"PWQ",0.534073124366792
"122",1,"V2590",0.238062990170292,0.211351355208862,0.285967714600887,-0.30959150997791,-0.292457107082016,"ISO",0.30959150997791
"123",1,"V2601",0.256690932200398,0.234630472817889,0.262008171366418,-0.294679724913613,-0.290967944646757,"ISO",0.294679724913613
"124",1,"V19",-0.194107664037743,0.253052128039738,-0.0990285323072293,-0.20321879372343,-0.22458847894001,"TWaQ",0.253052128039738
"125",1,"V84",-0.188994932833794,0.255978670114655,-0.458838736728869,0.0181127331106566,0.197660709607238,"PWQ",0.458838736728869
"126",1,"V163",-0.22655388726087,0.181753191160131,-0.504388068266938,0.0248998490079672,0.0752679363710518,"PWQ",0.504388068266938
"127",1,"V252",-0.204681199029941,0.0994104187305123,-0.404133466916277,0.0549141858606695,-0.00725887584950392,"PWQ",0.404133466916277
"128",1,"V363",-0.299884169704336,0.237276554561958,-0.691108766258078,-0.0643443085118021,0.028994846688049,"PWQ",0.691108766258078
"129",1,"V418",-0.186782586622572,0.223691737341824,-0.387729217970314,-0.000182801434206911,0.107554844498148,"PWQ",0.387729217970314
"130",1,"V498",-0.182560135028924,-0.0649223171491182,-0.374577378101806,0.0522056480466364,-0.16203633451358,"PWQ",0.374577378101806
"131",1,"V538",-0.215632798433953,0.0619682266148006,-0.451257434340062,0.119425615838514,0.0132991125022036,"PWQ",0.451257434340062
"132",1,"V664",-0.240128777255168,0.302938016764373,-0.452501584215827,-0.0883679432467796,0.0525617649170239,"PWQ",0.452501584215827
"133",1,"V670",0.220835759560864,-0.370318706485647,0.417277504527262,0.572773321195078,0.263361359499761,"ISO",0.572773321195078
"134",1,"V778",-0.187405598466748,0.545296183373489,-0.408521204672292,-0.0546306273399153,0.423281484492064,"TWaQ",0.545296183373489
"135",1,"V799",-0.320236310452369,0.269437080912414,-0.658077806682649,-0.155032659978229,-0.0735396431646836,"PWQ",0.658077806682649
"136",1,"V805",-0.211698906217752,0.223998558956124,-0.198117096480885,-0.466859162407712,-0.451212013276563,"ISO",0.466859162407712
"137",1,"V810",-0.188613599997856,0.327808155196668,-0.417754172087431,-0.080854887932228,0.168070546268339,"PWQ",0.417754172087431
"138",1,"V887",-0.194802741324801,0.311196864398625,-0.286147632366617,-0.135891693581606,0.00976382238041816,"TWaQ",0.311196864398625
"139",1,"V896",-0.185344152933903,0.154825525555482,-0.374300505481349,-0.00365604375567941,0.0243178242220383,"PWQ",0.374300505481349
"140",1,"V921",-0.183197884131418,0.339137865729772,-0.122551589163135,-0.207050571407003,-0.0976291626703257,"TWaQ",0.339137865729772
"141",1,"V922",-0.30536329216212,0.229880228802182,-0.682768703554005,0.0526553085300566,0.102856093663343,"PWQ",0.682768703554005
"142",1,"V1026",-0.188258738005411,0.163729285210736,-0.367692241233966,0.0115761000765747,0.0368065078001645,"PWQ",0.367692241233966
"143",1,"V1163",-0.208670388125876,0.371662544436449,-0.473400958437371,-0.017937013846098,0.262656301675425,"PWQ",0.473400958437371
"144",1,"V1202",-0.242006396197646,0.423640690332357,-0.584764328711954,0.00367407449297384,0.339263211713479,"PWQ",0.584764328711954
"145",1,"V1256",-0.238186632651619,0.162677292667886,-0.492116635642243,0.0141375143060459,0.0144667404757446,"PWQ",0.492116635642243
"146",1,"V1264",-0.242817817004497,0.208563537402582,-0.454559449551424,-0.0272298052683198,-0.00294003284758339,"PWQ",0.454559449551424
"147",1,"V1404",-0.182932190818111,0.281344603278683,-0.468476801109769,0.00965607411069055,0.236338888037631,"PWQ",0.468476801109769
"148",1,"V1530",-0.246611673065524,0.179941003840579,-0.614982127666546,-0.219750001181485,-0.103636036851502,"PWQ",0.614982127666546
"149",1,"V1538",0.222031765450155,0.444528283565762,0.359862337023577,-0.553450120939312,0.243135369816633,"ISO",0.553450120939312
"150",1,"V1696",-0.183022238722292,0.391898006650315,-0.416210113136785,0.0215548283138808,0.333941475092602,"PWQ",0.416210113136785
"151",1,"V1708",-0.199023874557552,0.168781692024115,-0.38611671728517,-0.0138334113472781,0.0107486916178119,"PWQ",0.38611671728517
"152",1,"V1890",0.190875803509542,-0.0947557530329016,0.110307386871419,0.0589080992392976,0.262221094092428,"TWeQ",0.262221094092428
"153",1,"V1974",-0.204136887003467,-0.107102988096513,-0.492191656852163,0.134727191655007,-0.109198081242512,"PWQ",0.492191656852163
"154",1,"V2031",-0.317047705603548,0.254351990778642,-0.705858909380357,0.0348457494739896,0.105332673036317,"PWQ",0.705858909380357
"155",1,"V2073",-0.205704781112885,0.165026964914146,-0.457970677233758,0.0226083871340946,0.0683412435037919,"PWQ",0.457970677233758
"156",1,"V2146",-0.192984520613481,0.196045173203906,-0.393881497764029,-0.0243361439468006,0.0485656965992663,"PWQ",0.393881497764029
"157",1,"V2147",-0.19960147024912,0.219482450620688,-0.353008336357761,-0.0273872964535845,0.0328208395917045,"PWQ",0.353008336357761
"158",1,"V2172",-0.219070418657444,0.209937081191506,-0.439538602280645,-0.0233734957062968,0.0402810341825428,"PWQ",0.439538602280645
"159",1,"V2187",0.192720645436375,0.435045424328405,0.270574701902884,-0.091807378861154,0.616298662650762,"TWeQ",0.616298662650762
"160",1,"V2190",-0.218925684366036,0.200344687182263,-0.482726572161065,0.00551662303291369,0.0811543340410867,"PWQ",0.482726572161065
"161",1,"V2210",-0.239867123029203,0.117298694206959,-0.571290892022918,-0.0816402884079891,-0.0694697094599628,"PWQ",0.571290892022918
"162",1,"V2254",-0.240247958083536,0.192739279733073,-0.534875852045292,0.0264049227010801,0.0798175137974336,"PWQ",0.534875852045292
"163",1,"V2263",-0.252475909070144,0.202203124585329,-0.577804492162888,-0.0329300091789133,0.042363278955186,"PWQ",0.577804492162888
"164",1,"V2289",-0.226168064158124,0.213656277100425,-0.518695541087525,0.0222307721925656,0.117375250608507,"PWQ",0.518695541087525
"165",1,"V2304",0.20497636885832,0.574561472822691,0.503502371568438,-0.552140480804095,0.26221055301928,"TWaQ",0.574561472822691
"166",1,"V2328",-0.207952441654736,0.166830153908452,-0.462974754508842,0.0228554206711922,0.0690879831545354,"PWQ",0.462974754508842
"167",1,"V2345",-0.200565924194122,0.446735618670075,-0.450332402606136,-0.177094835937225,0.21284530626951,"PWQ",0.450332402606136
"168",1,"V2348",-0.233770269068151,0.353000607032141,-0.561666459080856,-0.0179348707547759,0.24657796000435,"PWQ",0.561666459080856
"169",1,"V2355",-0.222531703834887,0.218575814192393,-0.503116631863477,0.0259011640368632,0.12346097652623,"PWQ",0.503116631863477
"170",1,"V2549",-0.19297445736547,0.119962154626601,-0.353589527379124,0.0201779210313801,-0.021818342492292,"PWQ",0.353589527379124
"171",1,"V2582",-0.280829680888063,0.277260827595466,-0.532387049568787,-0.0307987965579222,0.0405192769540977,"PWQ",0.532387049568787
"172",1,"V2628",-0.282005966193567,0.325627466097111,-0.340054864006853,-0.184115988852345,-0.157110371267685,"PWQ",0.340054864006853
