"","Position","snp"
"1",45,566
"2",113,1884
"3",242,4686
"4",298,6232
"5",380,7896
"6",419,8282
"7",555,10553
"8",655,12553
"9",656,12562
"10",659,12588
"11",695,13205
"12",706,13359
"13",798,14683
"14",967,18156
"15",1011,19706
"16",1014,19853
"17",1078,21184
"18",1131,22276
"19",1159,22838
"20",1179,23066
"21",1313,24965
"22",1398,26139
"23",1555,29358
"24",1652,31628
"25",1730,33325
"26",1770,33817
"27",1863,36163
"28",1961,38413
"29",1970,38661
"30",1973,38691
"31",2211,44206
"32",2337,45959
"33",2452,92843
"34",2515,159848
"35",2578,354377
"36",2600,386976
"37",2629,634290
"38",170,3409
"39",213,4025
"40",214,4029
"41",261,5287
"42",397,8026
"43",436,8661
"44",485,9360
"45",503,9641
"46",532,10217
"47",538,10345
"48",556,10557
"49",608,11528
"50",746,13895
"51",805,14844
"52",901,16390
"53",934,17052
"54",991,19250
"55",1074,21153
"56",1206,23381
"57",1218,23654
"58",1265,24260
"59",1303,24793
"60",1356,25604
"61",1369,25773
"62",1419,26417
"63",1662,31822
"64",1725,33258
"65",1745,33477
"66",1771,33818
"67",1823,34495
"68",1899,36865
"69",1902,36921
"70",1950,38193
"71",2112,41649
"72",2130,42366
"73",2159,42943
"74",2391,59758
"75",2393,60763
"76",2420,73761
"77",2451,92395
"78",2468,99150
"79",2488,111759
"80",2491,120566
"81",2521,174343
"82",2610,397359
"83",2625,509438
"84",86,1208
"85",135,2588
"86",163,3275
"87",303,6449
"88",322,6947
"89",403,8095
"90",504,9647
"91",584,10934
"92",619,11908
"93",740,13784
"94",847,15770
"95",883,16209
"96",926,16829
"97",988,19143
"98",1228,23789
"99",1242,23942
"100",1288,24622
"101",1334,25342
"102",1515,28626
"103",1782,33917
"104",1807,34283
"105",1854,35895
"106",1962,38428
"107",1965,38475
"108",2008,39534
"109",2069,40905
"110",2111,41596
"111",2171,43403
"112",2203,44134
"113",2315,45684
"114",2370,46898
"115",2403,65781
"116",2414,69861
"117",2428,77392
"118",2473,101404
"119",2476,103855
"120",2477,104012
"121",2483,108183
"122",2489,116768
"123",2490,118906
"124",2492,120773
"125",2493,122898
"126",2501,132792
"127",2502,135294
"128",2504,140863
"129",2511,153529
"130",2513,156690
"131",2527,183129
"132",2546,272597
"133",107,1768
"134",115,1942
"135",159,3219
"136",219,4074
"137",222,4150
"138",224,4158
"139",225,4191
"140",245,4723
"141",259,5261
"142",274,5527
"143",278,5601
"144",291,5879
"145",573,10759
"146",751,13924
"147",799,14689
"148",803,14748
"149",833,15414
"150",900,16381
"151",1168,22928
"152",1247,23987
"153",1253,24079
"154",1311,24899
"155",1359,25620
"156",1389,25998
"157",1451,27187
"158",1465,27480
"159",1591,30435
"160",1706,33030
"161",1731,33334
"162",1735,33366
"163",1806,34277
"164",1897,36854
"165",1904,36934
"166",1906,36990
"167",1922,37483
"168",1943,38032
"169",2006,39521
"170",2036,40254
"171",2048,40638
"172",2077,41032
"173",2148,42759
"174",2154,42805
"175",2270,44993
"176",2324,45746
"177",2366,46609
"178",2406,66102
"179",2526,182895
