"","axis","snp","loading","PWQ","OM","Flow","recharge","predictor","correlation"
"1",1,"V45",0.33233781762541,0.0996986860661666,-0.779773125606499,-0.549170113103689,-0.250876975795587,"OM",0.779773125606499
"2",1,"V113",0.334041783275386,0.142273259003308,-0.760332705107755,-0.554179271322117,-0.263536623018229,"OM",0.760332705107755
"3",1,"V242",0.371681861659081,0.213215575031099,-0.828226791168949,-0.617800577551445,-0.301366525123409,"OM",0.828226791168949
"4",1,"V298",0.36465509223984,0.160698932625599,-0.834577904802249,-0.604251869343219,-0.285182250476357,"OM",0.834577904802249
"5",1,"V380",0.330183840440239,0.171716074886864,-0.750199834262442,-0.547297296077856,-0.260533766686017,"OM",0.750199834262442
"6",1,"V419",0.335755618733449,0.0838490299630857,-0.800884588547403,-0.553452164170213,-0.246962062700571,"OM",0.800884588547403
"7",1,"V555",0.355771945587039,0.205841787897798,-0.793542038873423,-0.591217238567304,-0.2880267880383,"OM",0.793542038873423
"8",1,"V655",0.348784987624357,0.154690684382651,-0.802250505457836,-0.577407527171225,-0.270657769060134,"OM",0.802250505457836
"9",1,"V656",0.347952192041544,0.190256257589882,-0.77784223700935,-0.578227806746856,-0.281021040018795,"OM",0.77784223700935
"10",1,"V659",0.335671811224573,0.233197714457583,-0.691831322348388,-0.583459775502254,-0.227344643536565,"OM",0.691831322348388
"11",1,"V695",0.353744098385926,0.145622003334275,-0.829541518584004,-0.577229696754834,-0.291684556285812,"OM",0.829541518584004
"12",1,"V706",0.36413087502289,0.189450279763489,-0.822699168918145,-0.604174288284748,-0.28974349233212,"OM",0.822699168918145
"13",1,"V798",0.337850262728556,0.144091697532923,-0.778788084351887,-0.559204906744266,-0.261411233359817,"OM",0.778788084351887
"14",1,"V967",0.373832625318435,0.236620517168087,-0.822353741282429,-0.622309356508279,-0.30822079992665,"OM",0.822353741282429
"15",1,"V1011",0.329153117149944,0.185150131579647,-0.736551373802622,-0.546781037437423,-0.265342551908222,"OM",0.736551373802622
"16",1,"V1014",0.34096409595439,0.234566854575521,-0.749602028588734,-0.56725510279906,-0.280953226427786,"OM",0.749602028588734
"17",1,"V1078",0.342739273676003,0.161101327291844,-0.827150291773357,-0.536340104290848,-0.344986044396888,"OM",0.827150291773357
"18",1,"V1131",0.334480538214368,0.178569951712372,-0.793644468585564,-0.529433203532966,-0.32522818270405,"OM",0.793644468585564
"19",1,"V1159",0.371651547644579,0.250483196720842,-0.689358469548469,-0.689847671059238,-0.162178148753547,"Flow",0.689847671059238
"20",1,"V1179",0.353002772213587,0.218633035238466,-0.77664711990712,-0.587721250796157,-0.291089812743114,"OM",0.77664711990712
"21",1,"V1313",0.331060095945328,-0.00157690183904421,-0.829826387606595,-0.542214663810878,-0.224291732376726,"OM",0.829826387606595
"22",1,"V1398",0.336482293472587,0.212907653975384,-0.740192519073735,-0.560134534706056,-0.27742651230947,"OM",0.740192519073735
"23",1,"V1555",0.359433529284236,0.167147826072852,-0.777794580062891,-0.621999498056448,-0.224460974874397,"OM",0.777794580062891
"24",1,"V1652",0.343823001553071,0.198768875647415,-0.756789174990992,-0.572693916083651,-0.283646991777281,"OM",0.756789174990992
"25",1,"V1730",0.342689834599278,0.209531397752459,-0.774140291299139,-0.560740648078549,-0.299939524864461,"OM",0.774140291299139
"26",1,"V1770",0.349899768540613,0.0690983275512326,-0.84300725224488,-0.576051097370601,-0.253366674239271,"OM",0.84300725224488
"27",1,"V1863",0.345858111912856,0.266685875231091,-0.707464692379424,-0.591186351699193,-0.275611962275136,"OM",0.707464692379424
"28",1,"V1961",0.32713435637908,0.169513441956829,-0.731802106388939,-0.543765717711916,-0.264147775345028,"OM",0.731802106388939
"29",1,"V1970",0.356019286568426,0.181492031791346,-0.804883361632384,-0.590727369936126,-0.283101517381579,"OM",0.804883361632384
"30",1,"V1973",0.340880903424214,0.181784514029286,-0.773271046235684,-0.565095025808763,-0.269523585195046,"OM",0.773271046235684
"31",1,"V2211",0.373583679140182,0.244688859992771,-0.781343652815996,-0.643635317826849,-0.264926984613634,"OM",0.781343652815996
"32",1,"V2337",0.34001184768143,0.348090546846555,-0.451091082253822,-0.712984436725913,-0.0051197871458468,"Flow",0.712984436725913
"33",1,"V2452",0.322530781641571,0.107963391580845,-0.752464409388654,-0.533292648920465,-0.24548449996215,"OM",0.752464409388654
"34",1,"V2515",0.33742177767528,0.112947977633791,-0.787205107559182,-0.557914356899664,-0.256818328927772,"OM",0.787205107559182
"35",1,"V2578",0.352982536966859,0.216756356824402,-0.77664711990712,-0.587721250796157,-0.291089812743114,"OM",0.77664711990712
"36",1,"V2600",0.332144208925046,0.203641194742077,-0.73080536562591,-0.553030884381015,-0.273908177316295,"OM",0.73080536562591
"37",1,"V2629",0.330083074178294,0.112015580341597,-0.775309754566602,-0.545059712123085,-0.248462930948488,"OM",0.775309754566602
"38",1,"V170",0.397149922598172,0.0497915265851889,0.702960001298067,-0.410725173557855,0.82815898828938,"recharge",0.82815898828938
"39",1,"V213",0.374235706411729,0.159464102823845,0.745111640728704,-0.311941368205703,0.71695678285904,"OM",0.745111640728704
"40",1,"V214",0.35761408081149,0.14117654647369,0.693432979868317,-0.324557061798508,0.6889625481042,"OM",0.693432979868317
"41",1,"V261",0.40479580902872,0.130709963492903,0.725453384563634,-0.434842228279868,0.812712385453144,"recharge",0.812712385453144
"42",1,"V397",0.356367634230364,0.075148512148467,0.634189250597657,-0.374725881922216,0.731155769650812,"recharge",0.731155769650812
"43",1,"V436",0.406556200186702,0.158862137830258,0.731699218932707,-0.442325184965089,0.805418057781608,"recharge",0.805418057781608
"44",1,"V485",0.353151099515583,0.0495314436110284,0.625670559036775,-0.366287945555675,0.734346779070046,"recharge",0.734346779070046
"45",1,"V503",0.392680537106052,0.0460405313447107,0.694691600577575,-0.405456192343723,0.820091750857899,"recharge",0.820091750857899
"46",1,"V532",0.372397647910002,0.145514658103295,0.670222389876219,-0.405161348951784,0.737747426221453,"recharge",0.737747426221453
"47",1,"V538",0.379624808220734,0.0478308900726992,0.702339504868525,-0.356274080865542,0.77612248489998,"recharge",0.77612248489998
"48",1,"V556",0.37075389047577,0.171504147126762,0.765396033875037,-0.271394239527539,0.703172281729568,"OM",0.765396033875037
"49",1,"V608",0.37664298306199,-0.158855780030411,0.643570151390047,-0.347740562969553,0.866297158633567,"recharge",0.866297158633567
"50",1,"V746",0.390354746147617,0.152531407605443,0.702540664074786,-0.424698320213671,0.773321772841409,"recharge",0.773321772841409
"51",1,"V805",0.353366561673675,0.0599400526304351,0.734015465457074,-0.22119313472983,0.699378689345632,"OM",0.734015465457074
"52",1,"V901",0.353538870829961,0.138145576922331,0.636281319851569,-0.384643368765246,0.700386786779801,"recharge",0.700386786779801
"53",1,"V934",0.366111142343334,0.0471980135663029,0.731282827164946,-0.26866004331728,0.733273403352548,"recharge",0.733273403352548
"54",1,"V991",0.387272291277928,-0.0477777837322177,0.674681907235577,-0.380981271765059,0.845378705414413,"recharge",0.845378705414413
"55",1,"V1074",0.397149922598172,0.0497915265851889,0.702960001298067,-0.410725173557855,0.82815898828938,"recharge",0.82815898828938
"56",1,"V1206",0.387248721966386,0.0741287973555314,0.744071804661846,-0.326667852331684,0.783464473598119,"recharge",0.783464473598119
"57",1,"V1218",0.365346821157625,0.142759542301742,0.657532669672284,-0.397490187508496,0.723779214234903,"recharge",0.723779214234903
"58",1,"V1265",0.387608709595686,0.151458391778851,0.69759848683266,-0.421710686215725,0.767881670279359,"recharge",0.767881670279359
"59",1,"V1303",0.374457596382146,0.18634537922602,0.781093920334556,-0.281294999660765,0.687204409592225,"OM",0.781093920334556
"60",1,"V1356",0.360900785362902,0.117467508134597,0.647870877024406,-0.381413676465654,0.729905140775472,"recharge",0.729905140775472
"61",1,"V1369",0.372142809656481,0.145415079866051,0.669763744918969,-0.404884089921981,0.737242572695411,"recharge",0.737242572695411
"62",1,"V1419",0.36722442832956,0.119000906280753,0.716141888239528,-0.312442934322932,0.722554033735812,"recharge",0.722554033735812
"63",1,"V1662",0.36896773340576,0.13342507888725,0.678595749834487,-0.375681514713732,0.732685431168712,"recharge",0.732685431168712
"64",1,"V1725",0.354911292479175,-0.0617431260288211,0.716590088948029,-0.203267161737841,0.756784925757393,"recharge",0.756784925757393
"65",1,"V1745",0.35523766960471,-0.0507766626468957,0.634942266861505,-0.322265029105868,0.776199062819155,"recharge",0.776199062819155
"66",1,"V1771",0.365485610792307,0.164428447400986,0.677018156219202,-0.376863776365266,0.7129139895874,"recharge",0.7129139895874
"67",1,"V1823",0.36633604291207,0.0345573120376701,0.633499203091773,-0.394242929413751,0.773711638148441,"recharge",0.773711638148441
"68",1,"V1899",0.394122355377786,0.10327131439891,0.715954302494289,-0.39633265099245,0.803137235511293,"recharge",0.803137235511293
"69",1,"V1902",0.36339991080877,0.104967512781374,0.649879099667098,-0.387864842174438,0.734459786351102,"recharge",0.734459786351102
"70",1,"V1950",0.410306660936673,0.160327633159847,0.738449107878276,-0.446405612822723,0.81284799935338,"recharge",0.81284799935338
"71",1,"V2112",0.384123416040574,0.0961965798959079,0.685285958759734,-0.406991920403277,0.782136801712321,"recharge",0.782136801712321
"72",1,"V2130",0.397377135644156,0.126570258081504,0.711962586154612,-0.426519305588756,0.798502569720831,"recharge",0.798502569720831
"73",1,"V2159",0.407155199726905,0.105342007918968,0.72675372568964,-0.432079595413552,0.827707263071495,"recharge",0.827707263071495
"74",1,"V2391",0.367724214095049,0.143688510361579,0.661811380843364,-0.400076744472326,0.728489006389999,"recharge",0.728489006389999
"75",1,"V2393",0.356506740208347,-0.133801967311728,0.611019116603989,-0.332506832986378,0.813481390061278,"recharge",0.813481390061278
"76",1,"V2420",0.390289011584689,0.0489313596464882,0.690816108675875,-0.40362974509008,0.813852237109628,"recharge",0.813852237109628
"77",1,"V2451",0.364041040083695,0.142249307375187,0.65518259115558,-0.396069523268755,0.721192364849825,"recharge",0.721192364849825
"78",1,"V2468",0.353555377232016,-0.177862467591877,0.600899338036577,-0.32059745792695,0.824478828852127,"recharge",0.824478828852127
"79",1,"V2488",0.396124034400547,0.154785761284464,0.712923936317413,-0.430975192863559,0.784751161785234,"recharge",0.784751161785234
"80",1,"V2491",0.356794084829881,-0.302251307151738,0.592647727154133,-0.298647893990287,0.88022369321881,"recharge",0.88022369321881
"81",1,"V2521",0.378259916930735,0.0617129706541146,0.632599820729504,-0.445302593137237,0.79675888897147,"recharge",0.79675888897147
"82",1,"V2610",0.351985512440111,0.137538600975305,0.633485664244663,-0.382953345253635,0.69730946832588,"recharge",0.69730946832588
"83",1,"V2625",0.357884032155892,0.16559709455527,0.754967381692766,-0.249533880075414,0.662530355362226,"OM",0.754967381692766
"84",1,"V86",-0.22757673714004,-0.529051173169706,-0.0940585616901868,0.127228923333151,0.165421685356616,"PWQ",0.529051173169706
"85",1,"V135",-0.205831568972333,-0.492383086494677,-0.0150438153566566,0.399718878302971,0.000724207140902071,"PWQ",0.492383086494677
"86",1,"V163",-0.257166334770661,-0.609654625220834,-0.0844109810588058,0.233264213377344,0.140376583306461,"PWQ",0.609654625220834
"87",1,"V303",-0.277079041222381,-0.644129947821661,-0.114518102418509,0.154903653756195,0.201404073861015,"PWQ",0.644129947821661
"88",1,"V322",-0.20670117401571,-0.479516424104077,0.313081678850849,-0.140831313956003,0.657593622350653,"recharge",0.657593622350653
"89",1,"V403",-0.204185051709207,-0.555655947940232,-0.0384503736506711,0.306338882779062,0.0503713541088321,"PWQ",0.555655947940232
"90",1,"V504",-0.24161179726062,-0.561678695277693,-0.0998593196444795,0.135075356191351,0.175623533438299,"PWQ",0.561678695277693
"91",1,"V584",-0.240671898147221,-0.61348497843435,-0.0677791006216243,0.266987486947373,0.107312376275349,"PWQ",0.61348497843435
"92",1,"V619",-0.228385746772723,-0.555282219170656,-0.0790356726696128,0.191720643713964,0.133247765620242,"PWQ",0.555282219170656
"93",1,"V740",-0.220503426452248,-0.513697207162281,-0.0100896603408016,0.0768662425747779,0.259371713880471,"PWQ",0.513697207162281
"94",1,"V847",-0.241144444218983,-0.560592232407761,-0.0996661603811451,0.134814078061383,0.175283822408183,"PWQ",0.560592232407761
"95",1,"V883",-0.22506380112649,-0.489251816757408,-0.0790093248210049,0.179989172444366,0.133994781650415,"PWQ",0.489251816757408
"96",1,"V926",-0.245679946076568,-0.571135983974042,-0.10154070514626,0.137349693192209,0.178580602081926,"PWQ",0.571135983974042
"97",1,"V988",-0.215432026343747,-0.518450424391291,0.220877732519714,-0.0164029361962702,0.506773025529965,"PWQ",0.518450424391291
"98",1,"V1228",-0.224951584533993,-0.541531434684171,0.126812153272837,0.0470529824653647,0.398876581919337,"PWQ",0.541531434684171
"99",1,"V1242",-0.262641978031519,-0.609341659941134,-0.100358661498894,0.274098458375986,0.105307284580201,"PWQ",0.609341659941134
"100",1,"V1288",-0.210730585736598,-0.44839317085194,-0.0699752120192151,0.183999808586949,0.117005438125892,"PWQ",0.44839317085194
"101",1,"V1334",-0.20858698481278,-0.484905401184419,-0.0862100055802714,0.116612523022104,0.151618355218583,"PWQ",0.484905401184419
"102",1,"V1515",-0.219769594210195,-0.510901786821856,-0.0908318319105126,0.122864266374998,0.159746805061271,"PWQ",0.510901786821856
"103",1,"V1782",-0.203806096353242,-0.483395982185662,-0.0581889034594152,0.220144562693136,0.0927435290703112,"PWQ",0.483395982185662
"104",1,"V1807",-0.204305521048028,-0.496735127824167,-0.070702416916655,0.171506263254791,0.119198568948439,"PWQ",0.496735127824167
"105",1,"V1854",-0.23055824432662,-0.487708632298168,-0.342313140399138,-0.0974239980390978,0.129636213343595,"PWQ",0.487708632298168
"106",1,"V1962",-0.274636718890182,-0.638452243187406,-0.113508678834018,0.153538250399669,0.199628791020362,"PWQ",0.638452243187406
"107",1,"V1965",-0.261906519062555,-0.598228207688791,0.0571604654100962,-0.144551176921809,0.534087710482452,"PWQ",0.598228207688791
"108",1,"V2008",-0.215762504169563,-0.547023555964091,0.00940120284089385,0.523281996280518,-0.0528919598882267,"PWQ",0.547023555964091
"109",1,"V2069",-0.242508643455963,-0.53667350457931,-0.0890528008090908,0.178787794299492,0.152661356383565,"PWQ",0.53667350457931
"110",1,"V2111",-0.224818524821754,-0.536010227225308,-0.0820806284444802,0.170591817157991,0.140315559424054,"PWQ",0.536010227225308
"111",1,"V2171",-0.224130868966936,-0.514557945210378,-0.0790093248210049,0.179989172444366,0.133994781650415,"PWQ",0.514557945210378
"112",1,"V2203",-0.224130868966936,-0.514557945210378,-0.0790093248210049,0.179989172444366,0.133994781650415,"PWQ",0.514557945210378
"113",1,"V2315",-0.28956133417136,-0.675707592664151,0.0707509076681884,0.0528390591664493,0.443306992076571,"PWQ",0.675707592664151
"114",1,"V2370",-0.257174503975952,-0.59785756113592,-0.10629146129501,0.143775834300073,0.186935802020376,"PWQ",0.59785756113592
"115",1,"V2403",-0.218613944173538,-0.547709430143388,-0.0419520461047971,0.321229776286245,0.0558409876958515,"PWQ",0.547709430143388
"116",1,"V2414",-0.22696718868473,-0.527634146414517,-0.0938066323774305,0.126888149514776,0.164978614882668,"PWQ",0.527634146414517
"117",1,"V2428",-0.258360245957545,-0.600614073925065,-0.106781534167686,0.144438734548863,0.187797697833886,"PWQ",0.600614073925065
"118",1,"V2473",-0.206297920633802,-0.479583978157763,-0.0852639243287479,0.115332800082969,0.149954473140237,"PWQ",0.479583978157763
"119",1,"V2476",-0.224671232270277,-0.52229670090107,-0.0928577025317849,0.125604573406332,0.163309722954798,"PWQ",0.52229670090107
"120",1,"V2477",-0.219699916649772,-0.511951019108021,-0.000701071126017051,0.0712311001578581,0.269860719958591,"PWQ",0.511951019108021
"121",1,"V2483",-0.257174503975952,-0.59785756113592,-0.10629146129501,0.143775834300073,0.186935802020376,"PWQ",0.59785756113592
"122",1,"V2489",-0.216016193859387,-0.481897674230833,-0.195810988896939,0.0466534270590707,0.123668487389064,"PWQ",0.481897674230833
"123",1,"V2490",-0.326584121002595,-0.752405290620632,-0.132210310294771,0.150651955227117,0.26240448279249,"PWQ",0.752405290620632
"124",1,"V2492",-0.22757673714004,-0.529051173169706,-0.0940585616901868,0.127228923333151,0.165421685356616,"PWQ",0.529051173169706
"125",1,"V2493",-0.210857746263335,-0.490184275574227,-0.0871485222259745,0.117882013648129,0.153268933352861,"PWQ",0.490184275574227
"126",1,"V2501",-0.200818992294141,-0.462463697925933,-0.137325500067673,0.0746463316585153,0.129137585758322,"PWQ",0.462463697925933
"127",1,"V2502",-0.274768809296674,-0.639425479316769,-0.0640074551424689,0.125235430153555,0.260314994009376,"PWQ",0.639425479316769
"128",1,"V2504",-0.20858698481278,-0.484905401184419,-0.0862100055802714,0.116612523022104,0.151618355218583,"PWQ",0.484905401184419
"129",1,"V2511",-0.242276981894018,-0.567507090896034,0.143075173965958,-0.0341829857290769,0.495508097245553,"PWQ",0.567507090896034
"130",1,"V2513",-0.286363599611286,-0.665564145235271,-0.00263457663227387,0.0617439855242681,0.372790197122226,"PWQ",0.665564145235271
"131",1,"V2527",-0.316282820133512,-0.735267581159185,-0.130721213085887,0.17682089645919,0.229900638410302,"PWQ",0.735267581159185
"132",1,"V2546",-0.219769594210195,-0.510901786821856,-0.0908318319105126,0.122864266374998,0.159746805061271,"PWQ",0.510901786821856
"133",1,"V107",0.131605445976335,-0.00338222028063103,-0.0329387376216902,0.39532220914614,-0.262287838525154,"Flow",0.39532220914614
"134",1,"V115",-0.138056754947979,0.147459032993553,0.216424611723225,0.576397182977334,-0.439584077957099,"Flow",0.576397182977334
"135",1,"V159",0.131510526760946,0.334803852674438,0.176003888920184,0.444758823755451,-0.355857696119458,"Flow",0.444758823755451
"136",1,"V219",0.198790571263115,0.336541506584954,0.171762425874177,0.474839266656199,-0.350049448150389,"Flow",0.474839266656199
"137",1,"V222",0.138505829251225,0.185578275321776,0.129024402001274,0.410407881572449,-0.266593784325305,"Flow",0.410407881572449
"138",1,"V224",-0.142950959207229,0.104308502595469,0.216239203031112,0.611634599925481,-0.441631218258497,"Flow",0.611634599925481
"139",1,"V225",0.123117498824693,-0.0773196166911974,0.0744140795427505,0.435500077365144,-0.167241452362907,"Flow",0.435500077365144
"140",1,"V245",-0.133870150813896,-0.23160594251042,0.0674158420708846,0.11581894032926,0.0448830406129955,"PWQ",0.23160594251042
"141",1,"V259",-0.131107649889131,-0.0459534699749229,0.114327312460974,0.376445683630286,-0.237093629852483,"Flow",0.376445683630286
"142",1,"V274",-0.129479713256724,-0.133483888974776,0.0834890242313692,0.342289113567704,-0.177711596718996,"Flow",0.342289113567704
"143",1,"V278",-0.13209944817769,-0.0195578442366504,0.170302377516731,0.560754849809251,-0.353175527254108,"Flow",0.560754849809251
"144",1,"V291",0.175689237183313,0.318910706988253,0.0922641999728482,0.408278392630701,-0.36029815759087,"Flow",0.408278392630701
"145",1,"V573",-0.146189505775369,0.107574782205944,0.182119732242482,0.579155682888518,-0.446649912223779,"Flow",0.579155682888518
"146",1,"V751",0.122443734325137,0.171747998846776,0.14517440102017,0.472019602387757,-0.300658022853669,"Flow",0.472019602387757
"147",1,"V799",0.1292821466085,0.117530764930322,0.156244877883735,0.56769138735819,-0.32763316243185,"Flow",0.56769138735819
"148",1,"V803",0.145111486232092,0.214560217521476,0.16829917647097,0.535335234378041,-0.347744408486274,"Flow",0.535335234378041
"149",1,"V833",-0.136273647531742,0.0747795288770472,0.162423440851205,0.442266737159618,-0.330558533136162,"Flow",0.442266737159618
"150",1,"V900",0.150046941659622,-0.0377322298516118,-0.106637283218716,0.0859246688039149,-0.0498551081331471,"OM",0.106637283218716
"151",1,"V1168",0.154746517807422,0.177802506118851,0.142772019630333,0.480330073407425,-0.296776222239156,"Flow",0.480330073407425
"152",1,"V1247",0.139823016310733,0.070939138131934,0.0933293581524151,0.382632610285437,-0.198657361380361,"Flow",0.382632610285437
"153",1,"V1253",-0.134281332236508,0.107366703377565,0.217795887407254,0.620780616576012,-0.44513220001474,"Flow",0.620780616576012
"154",1,"V1311",-0.14064666039153,-0.036300255249241,0.136682033378491,0.444407544274293,-0.283070221929048,"Flow",0.444407544274293
"155",1,"V1359",0.122671914345422,-0.0415850120083751,0.0588563519880096,0.344450216971143,-0.13227633598024,"Flow",0.344450216971143
"156",1,"V1389",-0.128208934562103,-0.246292807887003,-0.25163881577654,0.16519379980239,-0.22702265259589,"OM",0.25163881577654
"157",1,"V1451",0.123407552201405,0.114423506825106,0.125701387809909,0.452279756723722,-0.263284931191456,"Flow",0.452279756723722
"158",1,"V1465",0.122671914345421,-0.0415850120083751,0.0588563519880096,0.344450216971143,-0.13227633598024,"Flow",0.344450216971143
"159",1,"V1591",0.146020928616334,0.154339546793976,0.122677905477279,0.495804415412547,-0.31348078114626,"Flow",0.495804415412547
"160",1,"V1706",0.127725915629807,0.374411204142171,0.208126145431338,0.525931217785624,-0.420804853062118,"Flow",0.525931217785624
"161",1,"V1731",-0.155104397923401,0.0115943268568278,0.181612431490921,0.558325194323559,-0.373939556847573,"Flow",0.558325194323559
"162",1,"V1735",-0.129926981994171,0.133968533987193,0.235944748542785,0.667371918951818,-0.481876390959751,"Flow",0.667371918951818
"163",1,"V1806",0.122411931094745,0.165986179189644,-0.356066393652048,-0.39262711256629,-0.018133706950996,"Flow",0.39262711256629
"164",1,"V1897",0.121659330420656,0.0121229608165662,0.0885472394764607,0.405626906970355,-0.191367981033731,"Flow",0.405626906970355
"165",1,"V1904",0.173071527819371,0.224990557013852,-0.0118975715352179,0.277628333743198,-0.281218977760203,"recharge",0.281218977760203
"166",1,"V1906",0.129506521953338,-0.0934089177461305,0.0781953609227976,0.468823002364062,-0.176498942375552,"Flow",0.468823002364062
"167",1,"V1922",-0.173218543297421,0.109950815841089,0.184238532911351,0.465567628595084,-0.372507109135494,"Flow",0.465567628595084
"168",1,"V1943",-0.159971361196855,-0.193790891749836,0.111586321543011,0.480764088699359,-0.239097676190137,"Flow",0.480764088699359
"169",1,"V2006",0.123586668093999,-0.110454635568264,0.00196374276826942,0.195427690759869,-0.0168901280481967,"Flow",0.195427690759869
"170",1,"V2036",-0.123471767949005,0.0559921731750523,0.361086823901196,0.319466752715524,-0.0644129342904547,"OM",0.361086823901196
"171",1,"V2048",0.183298791680075,0.417405792177636,0.208126145431338,0.525931217785624,-0.420804853062118,"Flow",0.525931217785624
"172",1,"V2077",0.157094503896152,0.0303371692632371,0.0984824538946679,0.45113922692942,-0.212839931323666,"Flow",0.45113922692942
"173",1,"V2148",0.157431244780003,0.215449051407161,0.121661110718934,0.369000929855289,-0.250159559364652,"Flow",0.369000929855289
"174",1,"V2154",-0.13086941060067,-0.273871221666094,0.0573725706756857,0.371886430399513,-0.131391712582253,"Flow",0.371886430399513
"175",1,"V2270",-0.123684914375527,-0.0826260083755221,0.325565340825308,0.453014614295874,-0.105907229843198,"Flow",0.453014614295874
"176",1,"V2324",-0.123972810973687,-0.0587082522471178,0.119184112775719,0.411269405271159,-0.248443130430451,"Flow",0.411269405271159
"177",1,"V2366",0.122824598390395,0.101351984601346,0.129025598850615,0.476217326239041,-0.271059999858161,"Flow",0.476217326239041
"178",1,"V2406",-0.132843771344201,0.105703817963143,0.157441841978222,0.39785284789861,-0.318327575049103,"Flow",0.39785284789861
"179",1,"V2526",0.129581794163515,0.143888855451133,0.347673447032123,0.170630228033271,0.108908044136309,"OM",0.347673447032123
