pp10	-99.76531	27.72753
pp15	-99.766531	27.72753
pp18	-99.63509	27.62727
pp19	-99.63509	27.62727
pp22	-99.63509	27.62727
pp23	-99.76346	27.72514
pp24	-99.76346	27.72514
pp27	-99.76346	27.72514
pp30	-99.91772	27.91784
pp32	-99.91772	27.91784
pp33	-99.91772	27.91784
pp34	-99.91772	27.91784
pp5	-99.69612	27.66445
pp6	-99.69612	27.66445
rg000	-99.55152	27.61221
rg12	-99.55152	27.61221
rg1477	-99.55152	27.61221
rg1481	-99.55152	27.61221
rg1496	-99.55152	27.61221
rg191	-99.55152	27.61221
rg197	-99.55152	27.61221
rg98	-99.55152	27.61221
lc0-1	-102.118417	29.801639
lc0-2	-102.118417	29.801639
lc1-1	-102.118417	29.801639
lc2-1	-102.118417	29.801639
lc2-3	-102.118417	29.801639
lc2-4	-102.118417	29.801639
lc2-5	-102.118417	29.801639
lc2-6	-102.118417	29.801639
lc2-7	-102.118417	29.801639
lc2-8	-102.118417	29.801639
lc2-9	-102.118417	29.801639
lc3-1	-102.118417	29.801639
lc4-1	-102.118417	29.801639
lc5-1	-102.118417	29.801639
lc6-1	-102.118417	29.801639
lc7-1	-102.118417	29.801639
lc8-1	-102.118417	29.801639
dvr11	-100.99277	29.88751
dvr14	-100.99277	29.88751
dvr17	-100.99423	29.87204
dvr19	-100.9936	29.8702
dvr25	-100.9936	29.8702
dvr2	-100.99277	29.88751
dvr30	-100.9936	29.8702
dvr34	-100.9936	29.8702
dvr35	-100.9936	29.8702
dvr3	-100.99277	29.88751
dvr41	-100.9936	29.8702
dvr45	-100.9936	29.8702
dvr48	-100.9936	29.8702
dvr49	-100.9936	29.8702
dvr50	-100.9936	29.8702
dvr51	-100.9936	29.8702
dvr5	-100.99277	29.88751
dv778	-104.210827	32.229249
dv779	-104.210827	32.229249
dv930	-104.210827	32.229249
rf3-10	-104.16276	32.23228
rf3-1	-104.16276	32.23228
rf3-2	-104.16276	32.23228
rf3-3	-104.16276	32.23228
rf3-7	-104.16276	32.23228
rf3-9	-104.16276	32.23228
rf542	-104.193819	32.239543
rf551	-104.193819	32.239543
rf559	-104.193819	32.239543
lh3-1994	-104.193819	32.239543
lh3-475	-104.193819	32.239543
lh3-476	-104.193819	32.239543
lh5-499	-104.193819	32.239543
mag1742	-104.235696	32.209939
mag1747	-104.235696	32.209939
mag1752	-104.235696	32.209939
mag1755	-104.235696	32.209939
mag1757	-104.235696	32.209939
mag1759	-104.235696	32.209939
mag1763	-104.235696	32.209939
mag1764	-104.235696	32.209939
mag1766	-104.235696	32.209939
mag1770	-104.235696	32.209939
